{"jmol": {"H": [1.0, 1.0, 1.0], "He": [0.8509803921568627, 1.0, 1.0], "Li": [0.8, 0.5019607843137255, 1.0], "Be": [0.7607843137254902, 1.0, 0.0], "B": [1.0, 0.7098039215686275, 0.7098039215686275], "C": [0.5647058823529412, 0.5647058823529412, 0.5647058823529412], "N": [0.18823529411764706, 0.3137254901960784, 0.9725490196078431], "O": [1.0, 0.050980392156862744, 0.050980392156862744], "F": [0.5647058823529412, 0.8784313725490196, 0.3137254901960784], "Ne": [0.7019607843137254, 0.8901960784313725, 0.9607843137254902], "Na": [0.6705882352941176, 0.3607843137254902, 0.9490196078431372], "Mg": [0.5411764705882353, 1.0, 0.0], "Al": [0.7490196078431373, 0.6509803921568628, 0.6509803921568628], "Si": [0.9411764705882353, 0.7843137254901961, 0.6274509803921569], "P": [1.0, 0.5019607843137255, 0.0], "S": [1.0, 1.0, 0.18823529411764706], "Cl": [0.12156862745098039, 0.9411764705882353, 0.12156862745098039], "Ar": [0.5019607843137255, 0.8196078431372549, 0.8901960784313725], "K": [0.5607843137254902, 0.25098039215686274, 0.8313725490196079], "Ca": [0.23921568627450981, 1.0, 0.0], "Sc": [0.9019607843137255, 0.9019607843137255, 0.9019607843137255], "Ti": [0.7490196078431373, 0.7607843137254902, 0.7803921568627451], "V": [0.6509803921568628, 0.6509803921568628, 0.6705882352941176], "Cr": [0.5411764705882353, 0.6, 0.7803921568627451], "Mn": [0.611764705882353, 0.47843137254901963, 0.7803921568627451], "Fe": [0.8784313725490196, 0.4, 0.2], "Co": [0.9411764705882353, 0.5647058823529412, 0.6274509803921569], "Ni": [0.3137254901960784, 0.8156862745098039, 0.3137254901960784], "Cu": [0.7843137254901961, 0.5019607843137255, 0.2], "Zn": [0.49019607843137253, 0.5019607843137255, 0.6901960784313725], "Ga": [0.7607843137254902, 0.5607843137254902, 0.5607843137254902], "Ge": [0.4, 0.5607843137254902, 0.5607843137254902], "As": [0.7411764705882353, 0.5019607843137255, 0.8901960784313725], "Se": [1.0, 0.6313725490196078, 0.0], "Br": [0.6509803921568628, 0.1607843137254902, 0.1607843137254902], "Kr": [0.3607843137254902, 0.7215686274509804, 0.8196078431372549], "Rb": [0.4392156862745098, 0.1803921568627451, 0.6901960784313725], "Sr": [0.0, 1.0, 0.0], "Y": [0.5803921568627451, 1.0, 1.0], "Zr": [0.5803921568627451, 0.8784313725490196, 0.8784313725490196], "Nb": [0.45098039215686275, 0.7607843137254902, 0.788235294117647], "Mo": [0.32941176470588235, 0.7098039215686275, 0.7098039215686275], "Tc": [0.23137254901960785, 0.6196078431372549, 0.6196078431372549], "Ru": [0.1411764705882353, 0.5607843137254902, 0.5607843137254902], "Rh": [0.0392156862745098, 0.49019607843137253, 0.5490196078431373], "Pd": [0.0, 0.4117647058823529, 0.5215686274509804], "Ag": [0.7529411764705882, 0.7529411764705882, 0.7529411764705882], "Cd": [1.0, 0.8509803921568627, 0.5607843137254902], "In": [0.6509803921568628, 0.4588235294117647, 0.45098039215686275], "Sn": [0.4, 0.5019607843137255, 0.5019607843137255], "Sb": [0.6196078431372549, 0.38823529411764707, 0.7098039215686275], "Te": [0.8313725490196079, 0.47843137254901963, 0.0], "I": [0.5803921568627451, 0.0, 0.5803921568627451], "Xe": [0.25882352941176473, 0.6196078431372549, 0.6901960784313725], "Cs": [0.3411764705882353, 0.09019607843137255, 0.5607843137254902], "Ba": [0.0, 0.788235294117647, 0.0], "La": [0.4392156862745098, 0.8313725490196079, 1.0], "Ce": [1.0, 1.0, 0.7803921568627451], "Pr": [0.8509803921568627, 1.0, 0.7803921568627451], "Nd": [0.7803921568627451, 1.0, 0.7803921568627451], "Pm": [0.6392156862745098, 1.0, 0.7803921568627451], "Sm": [0.5607843137254902, 1.0, 0.7803921568627451], "Eu": [0.3803921568627451, 1.0, 0.7803921568627451], "Gd": [0.27058823529411763, 1.0, 0.7803921568627451], "Tb": [0.18823529411764706, 1.0, 0.7803921568627451], "Dy": [0.12156862745098039, 1.0, 0.7803921568627451], "Ho": [0.0, 1.0, 0.611764705882353], "Er": [0.0, 0.9019607843137255, 0.4588235294117647], "Tm": [0.0, 0.8313725490196079, 0.3215686274509804], "Yb": [0.0, 0.7490196078431373, 0.2196078431372549], "Lu": [0.0, 0.6705882352941176, 0.1411764705882353], "Hf": [0.30196078431372547, 0.7607843137254902, 1.0], "Ta": [0.30196078431372547, 0.6509803921568628, 1.0], "W": [0.12941176470588237, 0.5803921568627451, 0.8392156862745098], "Re": [0.14901960784313725, 0.49019607843137253, 0.6705882352941176], "Os": [0.14901960784313725, 0.4, 0.5882352941176471], "Ir": [0.09019607843137255, 0.32941176470588235, 0.5294117647058824], "Pt": [0.8156862745098039, 0.8156862745098039, 0.8784313725490196], "Au": [1.0, 0.8196078431372549, 0.13725490196078433], "Hg": [0.7215686274509804, 0.7215686274509804, 0.8156862745098039], "Tl": [0.6509803921568628, 0.32941176470588235, 0.30196078431372547], "Pb": [0.3411764705882353, 0.34901960784313724, 0.3803921568627451], "Bi": [0.6196078431372549, 0.30980392156862746, 0.7098039215686275], "Po": [0.6705882352941176, 0.3607843137254902, 0.0], "At": [0.4588235294117647, 0.30980392156862746, 0.27058823529411763], "Rn": [0.25882352941176473, 0.5098039215686274, 0.5882352941176471], "Fr": [0.25882352941176473, 0.0, 0.4], "Ra": [0.0, 0.49019607843137253, 0.0], "Ac": [0.4392156862745098, 0.6705882352941176, 0.9803921568627451], "Th": [0.0, 0.7294117647058823, 1.0], "Pa": [0.0, 0.6313725490196078, 1.0], "U": [0.0, 0.5607843137254902, 1.0], "Np": [0.0, 0.5019607843137255, 1.0], "Pu": [0.0, 0.4196078431372549, 1.0], "Am": [0.32941176470588235, 0.3607843137254902, 0.9490196078431372], "Cm": [0.47058823529411764, 0.3607843137254902, 0.8901960784313725], "Bk": [0.5411764705882353, 0.30980392156862746, 0.8901960784313725], "Cf": [0.6313725490196078, 0.21176470588235294, 0.8313725490196079], "Es": [0.7019607843137254, 0.12156862745098039, 0.8313725490196079], "Fm": [0.7019607843137254, 0.12156862745098039, 0.7294117647058823], "Md": [0.7019607843137254, 0.050980392156862744, 0.6509803921568628], "No": [0.7411764705882353, 0.050980392156862744, 0.5294117647058824], "Lr": [0.7803921568627451, 0.0, 0.4], "Rf": [0.8, 0.0, 0.34901960784313724], "Db": [0.8196078431372549, 0.0, 0.30980392156862746], "Sg": [0.8509803921568627, 0.0, 0.27058823529411763], "Bh": [0.8784313725490196, 0.0, 0.2196078431372549], "Hs": [0.9019607843137255, 0.0, 0.1803921568627451], "Mt": [0.9215686274509803, 0.0, 0.14901960784313725]}, "xcrysden": {"H": [0.77, 1.0, 0.42], "He": [0.0, 0.95, 0.95], "Li": [0.95, 0.95, 0.95], "Be": [0.95, 0.95, 0.95], "B": [0.7079, 0.7079, 0.7079], "C": [0.7079, 0.7079, 0.7079], "N": [0.95, 0.95, 0.0], "O": [0.6445, 0.8047, 0.8569], "F": [0.7, 0.0, 0.0], "Ne": [0.8345, 0.95, 0.95], "Na": [0.95, 0.95, 0.95], "Mg": [0.0, 0.95, 0.95], "Al": [0.0, 0.95, 0.95], "Si": [0.95, 0.0, 0.95], "P": [0.0, 0.95, 0.95], "S": [0.95, 0.95, 0.0], "Cl": [0.95, 0.95, 0.45], "Ar": [0.71, 1.0, 0.0], "K": [0.95, 0.95, 0.95], "Ca": [0.0, 0.95, 0.95], "Sc": [0.0, 0.95, 0.95], "Ti": [0.0, 0.95, 0.95], "V": [0.6, 0.6, 0.6], "Cr": [0.6445, 0.8047, 0.8569], "Mn": [0.6445, 0.8047, 0.8569], "Fe": [0.6445, 0.8047, 0.8569], "Co": [0.95, 0.0, 0.0], "Ni": [0.6445, 0.8047, 0.8569], "Cu": [0.6445, 0.8047, 0.8569], "Zn": [0.82, 0.45, 0.14], "Ga": [0.95, 0.0, 0.95], "Ge": [0.95, 0.0, 0.95], "As": [0.95, 0.0, 0.95], "Se": [0.95, 0.95, 0.0], "Br": [0.95, 0.95, 0.0], "Kr": [0.95, 0.0, 0.0], "Rb": [0.75, 0.75, 0.75], "Sr": [0.0, 0.95, 0.95], "Y": [0.0, 0.95, 0.95], "Zr": [0.75, 0.75, 0.75], "Nb": [0.75, 0.75, 0.75], "Mo": [0.75, 0.75, 0.75], "Tc": [0.75, 0.75, 0.75], "Ru": [0.75, 0.75, 0.75], "Rh": [0.75, 0.75, 0.75], "Pd": [0.75, 0.75, 0.75], "Ag": [1.0, 1.0, 1.0], "Cd": [1.0, 1.0, 1.0], "In": [0.75, 0.75, 0.75], "Sn": [0.75, 0.75, 0.75], "Sb": [0.75, 0.75, 0.75], "Te": [0.75, 0.75, 0.75], "I": [0.75, 0.75, 0.75], "Xe": [0.75, 0.75, 0.75], "Cs": [0.75, 0.75, 0.75], "Ba": [0.0, 0.95, 0.95], "La": [0.0, 0.95, 0.95], "Ce": [0.75, 0.75, 0.75], "Pr": [0.75, 0.75, 0.75], "Nd": [0.75, 0.75, 0.75], "Pm": [0.75, 0.75, 0.75], "Sm": [0.75, 0.75, 0.75], "Eu": [0.75, 0.75, 0.75], "Gd": [0.75, 0.75, 0.75], "Tb": [0.75, 0.75, 0.75], "Dy": [0.75, 0.75, 0.75], "Ho": [0.75, 0.75, 0.75], "Er": [0.75, 0.75, 0.75],